file,sheet,merge_block_size,count,used_rows,used_cols
300 Foot Survey.xls,300 Foot Survey,1x6,42,65,7
300 Foot Survey.xls,300 Foot Survey,1x5,5,65,7
300 Foot Survey.xls,300 Foot Survey,3x1,36,65,7
300 Foot Survey.xls,300 Foot Survey,7x1,21,65,7
300 Foot Survey.xls,300 Foot Survey,6x1,6,65,7
300 Foot Survey.xls,300 Foot Survey,2x1,6,65,7
300 Foot Survey.xls,300 Foot Survey,1x3,6,65,7
Beaver FPR Table_12-12.xls,Free Product Recovery Data,1x12,24,62,19
Beaver FPR Table_12-12.xls,Free Product Recovery Data,1x16,64,62,19
Beaver FPR Table_12-12.xls,Free Product Recovery Data,3x1,42,62,19
Beaver FPR Table_12-12.xls,Free Product Recovery Data,4x1,55,62,19
Beaver FPR Table_12-12.xls,Free Product Recovery Data,5x1,50,62,19
Beaver FPR Table_12-12.xls,FPR Field Form,1x11,66,23,11
Beaver FPR Table_12-12.xls,FPR Field Form,3x1,33,23,11
Beaver Tier 3 Table N-1.xls,1. Soil,1x35,114,80,35
Beaver Tier 3 Table N-1.xls,1. Soil,2x1,33,80,35
Beaver Tier 3 Table N-1.xls,1. Soil,3x1,1,80,35
Beaver Tier 3 Table N-1.xls,1. Soil,1x3,8,80,35
Beaver Tier 3 Table N-1.xls,1. Soil,1x29,14,80,35
Beaver Tier 3 Table N-1.xls,2. GW,1x29,116,118,37
Beaver Tier 3 Table N-1.xls,2. GW,2x1,15,118,37
Beaver Tier 3 Table N-1.xls,2. GW,5x1,15,118,37
Beaver Tier 3 Table N-1.xls,2. GW,1x27,56,118,37
Beaver Tier 3 Table N-1.xls,2. GW,4x1,2,118,37
Beaver Tier 3 Table N-1.xls,2. GW,1x2,1,118,37
Beaver Tier 3 Table N-1.xls,3. Gauge,1x12,24,107,17
Beaver Tier 3 Table N-1.xls,3. Gauge,1x16,64,107,17
Beaver Tier 3 Table N-1.xls,3. Gauge,4x1,48,107,17
Beaver Tier 3 Table N-1.xls,3. Gauge,6x1,90,107,17
Beaver Tier 3 Table N-1.xls,3. Gauge,5x1,35,107,17
Beaver Tier 3 Table N-1.xls,FPR Field Form,1x12,72,38,12
Beaver Tier 3 Table N-1.xls,FPR Field Form,3x1,36,38,12
Julien PM Data.xls,Contact & Deadlines,1x3,3,123,15
Julien PM Data.xls,Contact & Deadlines,1x5,10,123,15
Julien PM Data.xls,Contact & Deadlines,4x5,20,123,15
Julien PM Data.xls,Contact & Deadlines,6x5,30,123,15
Julien PM Data.xls,Contact & Deadlines,2x1,4,123,15
Julien PM Data.xls,Contact & Deadlines,4x1,4,123,15
Julien PM Data.xls,Summary,1x5,5,10,5
Julien PM Data.xls,Summary,9x5,45,10,5
Julien PM Data.xls,Sampling Info,1x5,5,15,5
Julien PM Data.xls,Sampling Info,14x5,70,15,5
Julien PM Data.xls,Off-Site Access,1x9,36,10,13
Julien PM Data.xls,Off-Site Access,5x2,15,10,13
Julien PM Data.xls,Off-Site Access,2x9,18,10,13
Julien PM Data.xls,Off-Site Access,2x1,18,10,13
Julien PM Data.xls,Work Checklist,1x4,4,30,7
Julien PM Data.xls,Work Checklist,11x1,11,30,7
Julien PM Data.xls,Work Checklist,1x2,8,30,7
Julien PM Data.xls,Work Checklist,12x1,12,30,7
Julien PM Data.xls,Diary,1x2,4,90,3
Julien PM Data.xls,Drum Disposal,1x6,6,21,10
Julien T1 SI _tables.xls,Soil,1x13,117,40,16
Julien T1 SI _tables.xls,Soil,2x1,38,40,16
Julien T1 SI _tables.xls,Soil,1x3,21,40,16
Julien T1 SI _tables.xls,Soil,1x9,9,40,16
Julien T1 SI _tables.xls,Water,1x11,99,24,13
Julien T1 SI _tables.xls,Water,2x1,22,24,13
Julien T1 SI _tables.xls,Water,1x2,8,24,13
Julien T1 SI _tables.xls,Field Sheet Data,1x13,78,27,16
Julien T1 SI _tables.xls,Field Sheet Data,3x1,39,27,16
Julien T1 SI _tables.xls,Field Sheet Data,1x12,36,27,16
Spee-D #11 ppb GW table.xls,T-1 Soil Analytical,1x9,99,46,9
Spee-D #11 ppb GW table.xls,T-1 Soil Analytical,2x1,60,46,9
Spee-D #11 ppb GW table.xls,T-1 Soil Analytical,1x3,6,46,9
Spee-D #11 ppb GW table.xls,T-3 GW Analytical,1x7,56,115,16
Spee-D #11 ppb GW table.xls,T-3 GW Analytical,2x1,14,115,16
Spee-D #11 ppb GW table.xls,T-3 GW Analytical,6x1,18,115,16
Spee-D #11 ppb GW table.xls,T-3 GW Analytical,3x1,1,115,16
Spee-D #11 ppb GW table.xls,T-2 Elev and Purge,1x10,60,148,13
Spee-D #11 ppb GW table.xls,T-2 Elev and Purge,3x1,45,148,13
Spee-D #11 ppb GW table.xls,T-2 Elev and Purge,8x1,142,148,13
Spee-D #11 ppb GW table.xls,T-2 Elev and Purge,5x1,25,148,13
Spee-D #11 ppb GW table.xls,T-4 VEGE Water Levels,1x14,98,19,15
Spee-D #11 ppb GW table.xls,T-4 VEGE Water Levels,2x1,12,19,15
Spee-D #11 ppb GW table.xls,T-4 VEGE Water Levels,1x9,18,19,15
Spee-D #11 ppb GW table.xls,T-4 VEGE Water Levels,9x1,36,19,15
Spee-D #11 ppb GW table.xls,T-4 VEGE Water Levels,1x10,10,19,15
Spee-D #11 ppb GW table.xls,T-5 VEGE SYSTEM,1x10,60,53,10
Spee-D #11 ppb GW table.xls,T-5 VEGE SYSTEM,4x1,12,53,10
Spee-D #11 ppb GW table.xls,T-5 VEGE SYSTEM,1x7,49,53,10
Spee-D #11 ppb GW table.xls,T-5 VEGE SYSTEM,2x1,40,53,10
Spee-D #11 ppb GW table.xls,T-5 VEGE SYSTEM,41x1,82,53,10
Spee-D #11 ppb GW table.xls,T-5 VEGE SYSTEM,1x8,16,53,10
Spee-D #11 ppb GW table.xls,T-5 VEGE SYSTEM,14x3,42,53,10
Spee-D #11 ppb GW table.xls,T-5 VEGE SYSTEM,1x4,12,53,10
Spee-D #11 ppb GW table.xls,T-6 VEGE Analyticals,1x8,64,40,10
Spee-D #11 ppb GW table.xls,T-6 VEGE Analyticals,3x1,3,40,10
Spee-D #11 ppb GW table.xls,T-6 VEGE Analyticals,1x6,18,40,10
TN 1108 Tables G-1 and G-2.xls,Table J-1,1x5,40,24,5
TN 1108 Tables G-1 and G-2.xls,Table J-1,3x1,6,24,5
TN 1108 Tables G-1 and G-2.xls,Table J-1,1x3,21,24,5
TN 1108 Tables G-1 and G-2.xls,Table J-1,1x2,8,24,5
TN 1108 Tables G-1 and G-2.xls,Table J-1,2x1,6,24,5
TN 1108 Tables G-1 and G-2.xls,Table J-1,5x1,5,24,5
TN 1108 Tables G-1 and G-2.xls,Table J-2,1x3,39,38,3
TN 1108 Tables G-1 and G-2.xls,Table J-2,1x2,42,38,3
TN 1108 Tables G-1 and G-2.xls,Table J-2,3x2,6,38,3
TN 1108 Tables.xls,1. Soil,1x18,144,44,18
TN 1108 Tables.xls,1. Soil,2x1,68,44,18
TN 1108 Tables.xls,1. Soil,1x3,3,44,18
TN 1108 Tables.xls,2. GW,1x15,66,98,25
TN 1108 Tables.xls,2. GW,2x1,16,98,25
TN 1108 Tables.xls,2. GW,7x1,20,98,25
TN 1108 Tables.xls,2. GW,3x1,2,98,25
TN 1108 Tables.xls,2. GW,1x2,3,98,25
TN 1108 Tables.xls,2. GW,1x5,3,98,25
TN 1108 Tables.xls,2. GW,5x1,3,98,25
TN 1108 Tables.xls,3. Gauge,1x11,66,114,15
TN 1108 Tables.xls,3. Gauge,3x1,3,114,15
TN 1108 Tables.xls,3. Gauge,7x1,150,114,15
TN 1108 Tables.xls,fIELD FORM,1x9,72,22,13
TN 1108 Tables.xls,fIELD FORM,3x1,3,22,13
TN1108 Table 4 GW SSTLs.xls,5. GW,1x5,50,25,5
TN1108 Table 4 GW SSTLs.xls,5. GW,2x3,6,25,5
TN1108 Table 4 GW SSTLs.xls,5. GW,2x1,4,25,5
TN1108 Table 4 GW SSTLs.xls,5. GW,1x3,24,25,5
TN1108 Table 4 GW SSTLs.xls,5. GW,3x3,9,25,5
